﻿Designator,Quantity,Value,Footprint,Package,MPN,DNP,Mount_Type,Description,Sim.Device,Sim.Type,Sim.Pins
C1,1,C,CP_Radial_D10.0mm_P2.50mm,,,,tht,Unpolarized capacitor,,,
D1,1,GBJ2510-BP,Diode_Bridge_Vishay_GBU,,,,tht,"Single-Phase Bridge Rectifier, 35V Vrms, 8.0A If, GBU package",,,
"J1, J3",2,Screw_Terminal_01x02,TerminalBlock_RND_205-00241_1x02_P10.16mm_Horizontal,,,,tht,"Generic screw terminal, single row, 01x02, script generated (kicad-library-utils/schlib/autogen/connector/)",,,
J2,1,Screw_Terminal_01x04,TerminalBlock_MaiXu_MX126-5.0-04P_1x04_P5.00mm,,,,tht,"Generic screw terminal, single row, 01x04, script generated (kicad-library-utils/schlib/autogen/connector/)",,,
"Q1, Q2, Q3, Q4",4,NMOS,TO-247-3_Vertical,,,,tht,"N-MOSFET transistor, drain/source/gate",NMOS,VDMOS,1=D 2=G 3=S
"R1, R10, R11, R12, R13, R2, R3, R4",8,R,R_Axial_DIN0204_L3.6mm_D1.6mm_P7.62mm_Horizontal,,,,tht,Resistor,,,
"U1, U2",2,4N35,DIP-6_W7.62mm,,,,tht,"Optocoupler, Phototransistor Output, with Base Connection, Vce 70V, CTR 100%, Viso 5000V, DIP6",,,
