﻿pos_x,pos_y,rotation,side,designator,mpn,pack,footprint,value,mount_type
115.0,-92.0,180.0,top,C1,,,CP_Radial_D10.0mm_P2.50mm,C,tht
114.035,-61.0,-90.0,top,D1,,,Diode_Bridge_Vishay_GBU,GBJ2510-BP,tht
89.105,-74.085,90.0,top,J1,,,TerminalBlock_RND_205-00241_1x02_P10.16mm_Horizontal,Screw_Terminal_01x02,tht
90.52,-127.61,90.0,top,J2,,,TerminalBlock_MaiXu_MX126-5.0-04P_1x04_P5.00mm,Screw_Terminal_01x04,tht
179.395,-63.915,-90.0,top,J3,,,TerminalBlock_RND_205-00241_1x02_P10.16mm_Horizontal,Screw_Terminal_01x02,tht
135.995,-56.075,0.0,top,Q1,,,TO-247-3_Vertical,NMOS,tht
158.995,-56.075,0.0,top,Q2,,,TO-247-3_Vertical,NMOS,tht
135.495,-79.575,0.0,top,Q3,,,TO-247-3_Vertical,NMOS,tht
157.895,-79.575,0.0,top,Q4,,,TO-247-3_Vertical,NMOS,tht
142.5,-110.69,-90.0,top,R1,,,R_Axial_DIN0204_L3.6mm_D1.6mm_P7.62mm_Horizontal,R,tht
160.775,-49.575,0.0,top,R10,,,R_Axial_DIN0204_L3.6mm_D1.6mm_P7.62mm_Horizontal,R,tht
137.585,-48.575,0.0,top,R11,,,R_Axial_DIN0204_L3.6mm_D1.6mm_P7.62mm_Horizontal,R,tht
144.015,-94.075,180.0,top,R12,,,R_Axial_DIN0204_L3.6mm_D1.6mm_P7.62mm_Horizontal,R,tht
159.275,-94.075,0.0,top,R13,,,R_Axial_DIN0204_L3.6mm_D1.6mm_P7.62mm_Horizontal,R,tht
142.5,-133.31,90.0,top,R2,,,R_Axial_DIN0204_L3.6mm_D1.6mm_P7.62mm_Horizontal,R,tht
107.19,-112.5,0.0,top,R3,,,R_Axial_DIN0204_L3.6mm_D1.6mm_P7.62mm_Horizontal,R,tht
107.69,-123.555,0.0,top,R4,,,R_Axial_DIN0204_L3.6mm_D1.6mm_P7.62mm_Horizontal,R,tht
124.7,-111.975,0.0,top,U1,,,DIP-6_W7.62mm,4N35,tht
124.5,-123.475,0.0,top,U2,,,DIP-6_W7.62mm,4N35,tht
